{
  "ambientocclusion": false,
  "elements": [
    {
      "from": [1, 0, 7],
      "to": [15, 10, 9],
      "faces": {
        "north": {"uv": [4.5, 7, 8, 12], "texture": "#wood"},
        "east": {"uv": [4, 7, 4.5, 12], "texture": "#wood"},
        "south": {"uv": [0.5, 7, 4, 12], "texture": "#wood"},
        "west": {"uv": [0, 7, 0.5, 12], "texture": "#wood"},
        "up": {"uv": [4, 6, 0.5, 7], "rotation": 180, "texture": "#wood"},
        "down": {"uv": [4, 7, 7.5, 6], "texture": "#wood"}
      }
    },
    {
      "from": [12, 10, 8],
      "to": [14, 16, 8],
      "rotation": {"angle": 45, "axis": "y", "origin": [13, 10, 8], "rescale": true},
      "faces": {
        "north": {"uv": [0, 3, 0.75, 6], "texture": "#wood"},
        "south": {"uv": [0, 3, 0.75, 6], "texture": "#wood"}
      }
    },
    {
      "from": [13, 10, 7],
      "to": [13, 16, 9],
      "rotation": {"angle": 45, "axis": "y", "origin": [13, 10, 8], "rescale": true},
      "faces": {
        "east": {"uv": [1.5, 3, 2.25, 6], "texture": "#wood"},
        "west": {"uv": [1.5, 3, 2.25, 6], "texture": "#wood"}
      }
    },
    {
      "from": [2, 10, 8],
      "to": [4, 16, 8],
      "rotation": {"angle": 45, "axis": "y", "origin": [3, 10, 8], "rescale": true},
      "faces": {
        "north": {"uv": [0, 3, 0.75, 6], "texture": "#wood"},
        "south": {"uv": [0, 3, 0.75, 6], "texture": "#wood"}
      }
    },
    {
      "from": [3, 10, 7],
      "to": [3, 16, 9],
      "rotation": {"angle": 45, "axis": "y", "origin": [3, 10, 8], "rescale": true},
      "faces": {
        "east": {"uv": [1.5, 3, 2.25, 6], "texture": "#wood"},
        "west": {"uv": [1.5, 3, 2.25, 6], "texture": "#wood"}
      }
    }
  ]
}