{
  "credit": "Made by TyBraniff with Blockbench for Bluemap",
  "texture_size": [32, 16],
  "textures": {
    "0": "entity/conduit/base",
    "particle": "entity/conduit/base"
  },
  "elements": [
    {
      "from": [5, 5, 5],
      "to": [11, 11, 11],
      "rotation": {"angle": 0, "axis": "y", "origin": [7, 7, 7]},
      "faces": {
        "north": {"uv": [6, 0, 9, 6], "texture": "#0"},
        "east": {"uv": [0, 6, 3, 12], "texture": "#0"},
        "south": {"uv": [6, 6, 9, 12], "texture": "#0"},
        "west": {"uv": [3, 6, 6, 12], "texture": "#0"},
        "up": {"uv": [3, 0, 6, 6], "texture": "#0"},
        "down": {"uv": [9, 6, 12, 12], "texture": "#0"}
      }
    }
  ]
}
