{
  "credit": "Made with Blockbench by TyBraniff for Bluemaps support.",
  "texture_size": [64, 64],
  "textures": {
    "0": "entity/piglin/piglin"
  },
  "elements": [
    {
      "name": "Skull",
      "from": [3, 4, 8],
      "to": [13, 12, 16],
      "rotation": {
        "angle": 0,
        "axis": "y",
        "origin": [8, 7, 8]
      },
      "faces": {
        "north": { "uv": [2, 2, 4.5, 4], "texture": "#0" },
        "east": { "uv": [0, 2, 2, 4], "texture": "#0" },
        "south": { "uv": [6.5, 2, 9, 4], "texture": "#0" },
        "west": { "uv": [4.5, 2, 6.5, 4], "texture": "#0" },
        "up": { "uv": [2, 0, 4.5, 2], "rotation": 180, "texture": "#0" },
        "down": { "uv": [11.25, 0, 13.75, 2], "rotation": 180, "texture": "#0" }
      }
    },
    {
      "name": "SnoutBottom",
      "from": [6, 4, 7],
      "to": [10, 6, 8],
      "rotation": {
        "angle": 0,
        "axis": "y",
        "origin": [8, 7, 8]
      },
      "faces": {
        "north": { "uv": [8, 1, 9, 1.5], "texture": "#0" },
        "east": { "uv": [9, 1.5, 9.25, 2], "texture": "#0" },
        "south": { "uv": [3, 4, 4.5, 4.5], "texture": "#0" },
        "west": { "uv": [9, 1.5, 9.25, 2], "texture": "#0" },
        "up": { "uv": [8, 0, 9, 0.25], "rotation": 180, "texture": "#0" },
        "down": { "uv": [8, 1.5, 9, 1.75], "rotation": 180, "texture": "#0" }
      }
    },
    {
      "name": "Snouttop",
      "from": [6, 6, 7],
      "to": [10, 8, 8],
      "rotation": {
        "angle": 0,
        "axis": "y",
        "origin": [8, 7, 8]
      },
      "faces": {
        "north": { "uv": [8, 0.5, 9, 1], "texture": "#0" },
        "east": { "uv": [9, 0.5, 9.25, 1], "texture": "#0" },
        "south": { "uv": [3, 4, 4, 4.5], "texture": "#0" },
        "west": { "uv": [7.75, 0.5, 8, 1], "texture": "#0" },
        "up": { "uv": [8, 0.25, 9, 0.5], "rotation": 180, "texture": "#0" },
        "down": { "uv": [10.25, 0.25, 11.25, 0.5], "rotation": 180, "texture": "#0" }
      }
    },
    {
      "name": "Ear1",
      "from": [12, 6, 10],
      "to": [13, 11, 14],
      "rotation": {
        "angle": 22.5,
        "axis": "z",
        "origin": [12, 11, 12]
      },
      "faces": {
        "north": { "uv": [10.75, 2.5, 11, 3.75], "texture": "#0" },
        "east": { "uv": [9.75, 2.5, 10.75, 3.75], "texture": "#0" },
        "south": { "uv": [11, 2.5, 11.25, 3.75], "texture": "#0" },
        "west": { "uv": [11.25, 2.5, 12.25, 3.75], "texture": "#0" },
        "up": { "uv": [10.75, 1.5, 11, 2.5], "rotation": 180, "texture": "#0" },
        "down": { "uv": [11, 1.5, 11.25, 2.5], "rotation": 180, "texture": "#0" }
      }
    },
    {
      "name": "Ear2",
      "from": [3, 6, 10],
      "to": [4, 11, 14],
      "rotation": {
        "angle": -22.5,
        "axis": "z",
        "origin": [4, 11, 12]
      },
      "faces": {
        "north": { "uv": [13.75, 2.5, 14, 3.75], "texture": "#0" },
        "east": { "uv": [12.75, 2.5, 13.75, 3.75], "texture": "#0" },
        "south": { "uv": [14, 2.5, 14.25, 3.75], "texture": "#0" },
        "west": { "uv": [14.25, 2.5, 15.25, 3.75], "texture": "#0" },
        "up": { "uv": [13.75, 1.5, 14, 2.5], "rotation": 180, "texture": "#0" },
        "down": { "uv": [14, 1.5, 14.25, 2.5], "rotation": 180, "texture": "#0" }
      }
    },
    {
      "name": "Tusk1",
      "from": [10, 4, 7],
      "to": [11, 6, 8],
      "rotation": {
        "angle": 0,
        "axis": "y",
        "origin": [8, 7, 8]
      },
      "faces": {
        "north": { "uv": [0.75, 0.25, 1, 0.75], "texture": "#0" },
        "east": { "uv": [0.75, 0.25, 1, 0.75], "texture": "#0" },
        "south": { "uv": [0, 1.25, 0.25, 1.75], "texture": "#0" },
        "west": { "uv": [0.25, 0.25, 0.5, 0.75], "texture": "#0" },
        "up": { "uv": [0.75, 0, 1, 0.25], "rotation": 180, "texture": "#0" },
        "down": { "uv": [1.25, 0, 1.5, 0.25], "rotation": 180, "texture": "#0" }
      }
    },
    {
      "name": "Tusk2",
      "from": [5, 4, 7],
      "to": [6, 6, 8],
      "rotation": {
        "angle": 0,
        "axis": "y",
        "origin": [8, 7, 8]
      },
      "faces": {
        "north": { "uv": [0.75, 0.25, 1, 0.75], "texture": "#0" },
        "east": { "uv": [0.25, 0.25, 0.5, 0.75], "texture": "#0" },
        "south": { "uv": [0, 1.25, 0.25, 1.75], "texture": "#0" },
        "west": { "uv": [1, 0.25, 1.25, 0.75], "texture": "#0" },
        "up": { "uv": [0.75, 0, 1, 0.25], "rotation": 180, "texture": "#0" },
        "down": { "uv": [1.25, 0, 1.5, 0.25], "rotation": 180, "texture": "#0" }
      }
    }
  ]
}