{
    "variants": {
        "part=head,facing=north": { "model": "entity/bed/light_blue_head" },
        "part=head,facing=east": { "model": "entity/bed/light_blue_head", "y": 90 },
        "part=head,facing=south": { "model": "entity/bed/light_blue_head", "y": 180 },
        "part=head,facing=west": { "model": "entity/bed/light_blue_head", "y": 270 },
        "part=foot,facing=north": { "model": "entity/bed/light_blue_foot" },
        "part=foot,facing=east": { "model": "entity/bed/light_blue_foot", "y": 90 },
        "part=foot,facing=south": { "model": "entity/bed/light_blue_foot", "y": 180 },
        "part=foot,facing=west": { "model": "entity/bed/light_blue_foot", "y": 270 }
    }
}